node_id,shape_id,x,y,radius
17,2,648,5,8.246211251235321
18,2,638,12,15.524174696260024
19,2,632,15,20.396078054371138
20,2,622,19,28.42534080710379
21,2,613,26,25.0
