node_id,shape_id,x,y,radius
324,18,1102,682,16.0
325,18,1109,692,21.840329667841555
326,18,1112,702,21.840329667841555
327,18,1115,712,17.0
328,18,1120,722,9.486832980505138
