node_id,shape_id,x,y,radius
94,6,19,195,12.0
95,6,17,205,14.866068747318506
96,6,16,215,14.317821063276353
97,6,16,225,10.295630140987
