shape_name,shape_id,pair_id,x,y,semi_major,semi_minor,angle
binary_image,20,1,841,886,49.489897959078476,24.744948979539238,18.251895837078543
